abide,1
about,40
above,1
accessible,1
accordance,2
accustomed,1
added,6
additional,4
adventures,3
afore,1
after,16
again,7
agent,1
agony,1
agree,9
alice,103
allow,1
alone,1
along,4
among,9
anger,1
angry,3
appearance,1
applicable,3
apply,1
archbishop,2
arise,1
array,1
ascii,1
asked,3
assistance,1
associated,7
balls,1
based,2
began,13
begin,1
begun,1
being,2
below,1
birds,6
blows,1
bough,1
bound,2
bowed,2
boxed,1
brass,1
bread,3
brightened,1
bring,1
broke,1
cakes,2
calculated,1
cares,1
carry,1
cause,3
cease,1
charitable,1
check,2
chief,1
child,1
choke,1
claim,1
climb,1
close,6
codes,1
collection,3
comes,1
commercial,1
complained,1
compliance,4
concerning,2
containing,1
costs,2
could,23
court,3
crash,1
creep,1
cried,10
croqueting,1
cross,1
crowd,3
crown,2
curls,1
deductible,1
derivative,3
difficulty,1
disclaimer,3
discovered,1
displaying,2
distribute,6
doing,2
doors,2
dreadfully,2
dream,1
dried,1
drink,3
drunk,1
eager,1
earls,1
ebook,9
edgar,1
edwin,1
elbow,1
elect,1
electronic,27
email,3
especially,1
every,3
everything,3
familiarly,1
fancy,1
fetch,1
field,1
fifth,1
fight,1
files,2
finds,1
first,12
floor,1
flown,1
forgetting,1
forth,8
found,21
foundation,14
frightened,3
front,2
given,1
glass,5
goals,1
going,11
grand,1
gratefully,1
great,19
green,1
grins,1
gross,1
group,1
grown,1
guard,1
guess,1
hands,4
heads,2
heard,17
house,6
hurry,2
impossible,1
inaccurate,1
incidental,1
increasing,1
indicating,1
indirectly,1
individual,4
invalidity,1
invitation,2
jason,2
kills,1
kings,1
knave,5
kneel,1
knelt,1
known,1
lamps,1
large,21
learn,1
least,3
leave,4
legal,2
lewis,3
liked,1
limitation,3
links,3
lives,1
locks,1
loose,1
lying,4
magic,1
makes,5
march,8
means,5
meant,2
melan,1
melancholy,1
merchantibility,1
might,6
miles,1
mixed,1
money,3
moral,2
mouse,16
mouth,2
moved,1
named,1
needs,1
never,9
newby,1
newsletter,1
night,1
noise,3
north,1
nurse,1
offer,1
often,1
originator,1
ornamented,2
other,23
ought,5
owner,3
pages,1
pairs,1
paper,4
paragraphs,3
particular,3
party,5
passionate,1
permission,6
piece,4
place,1
plate,1
print,1
processing,1
procession,2
prove,1
quarreling,1
queen,15
queer,1
quiet,1
quite,19
raven,1
reach,3
ready,1
reasonable,1
recognized,1
references,2
registered,2
regulating,1
remarkable,2
remembered,2
representations,1
right,10
roast,1
roots,1
roses,1
round,1
royal,1
rules,3
sadly,1
saves,1
scrambling,1
scratching,1
seems,2
sends,1
sense,1
seven,1
shall,5
share,1
sharp,3
shoes,1
shook,3
shore,1
short,1
sides,2
sight,1
since,3
sizes,1
sleep,2
small,8
smoke,1
solid,1
sorts,1
sound,2
speak,2
speed,1
splendidly,1
spoke,2
stalk,1
stand,1
start,2
state,6
statements,1
still,4
stole,2
stood,5
stool,1
stoop,1
sulky,1
swallowing,1
swamp,1
synonymous,1
table,7
taken,1
takes,1
tarts,3
taste,2
tears,3
terms,21
thank,1
their,10
themselves,2
there,26
these,8
thick,1
thing,12
think,14
those,9
three,8
threw,1
throughout,1
times,2
timid,2
tired,4
toffy,1
transcribe,1
trees,3
trial,3
tried,8
twice,1
types,1
under,16
underneath,1
understand,2
unpleasant,1
until,2
using,4
usual,1
usurpation,1
visit,2
voice,8
volunteers,6
walks,1
warranties,3
watch,2
water,1
weary,1
where,6
which,25
while,5
white,21
whole,6
whose,1
wonderland,5
words,3
works,22
world,3
worse,1
worth,1
would,12
write,1
yards,1
a,325
accept,1
access,10
across,5
active,2
advice,1
advise,1
afraid,4
agreed,1
almost,3
alternately,1
always,2
animal,1
answer,2
anyone,5
appear,1
around,1
asking,2
asleep,1
august,1
awhile,1
beautifully,2
become,1
before,9
begged,1
behind,2
belong,1
better,3
blades,1
blasts,2
bottle,6
breach,2
bright,4
broken,3
busily,1
butter,2
called,10
canary,1
cannot,5
caterpillar,6
caught,2
caused,2
change,2
charge,6
choked,1
choose,1
chorus,2
coming,2
compilation,1
complaining,1
comply,6
considering,1
copied,2
copies,7
corner,1
corporation,1
credit,1
crying,1
damage,1
defect,3
demand,1
derive,1
detach,1
dipped,1
disclaimers,1
discontinue,1
distributed,5
distributor,1
domain,8
donate,1
donors,1
double,1
dozing,1
driest,1
easily,2
ebooks,3
educational,1
effect,1
effort,1
either,6
enough,2
entity,3
escape,1
except,4
exempt,2
exists,1
expend,1
explanation,1
extent,1
fallen,3
family,1
filled,1
finish,1
flavor,1
flying,1
follow,1
forget,1
forgot,2
format,4
freely,4
french,2
fright,1
future,3
garden,4
generations,1
gently,1
gloves,4
golden,6
gordon,1
govern,1
ground,3
handed,2
happen,1
hardly,3
hatter,6
having,3
hearts,1
height,3
holder,1
honest,1
hookah,3
hoping,1
i,89
immediately,1
impatiently,2
inches,5
indeed,1
information,6
insult,1
interpreted,1
itself,1
joined,1
jumped,2
kettle,1
larger,2
leaves,2
length,1
letter,2
liable,1
likely,1
linked,2
listen,1
little,57
livery,1
lonely,1
longed,1
longer,1
looked,18
loudly,1
lovely,2
maintaining,1
making,3
marked,7
master,1
matter,1
medium,3
mercia,1
merely,1
method,1
middle,1
minute,4
mississippi,1
moment,10
morsel,1
mostly,1
moving,1
murder,1
myself,1
narrow,1
nearer,1
nearly,2
necessarily,1
nobody,2
notice,7
number,4
o,1
obtain,3
offers,1
office,2
online,6
opened,6
opportunity,2
others,2
patted,1
paying,2
peeped,3
people,7
pepper,2
person,5
phrase,4
picked,2
pieces,1
pigeon,3
placed,1
plates,1
played,1
please,7
plenty,1
pocket,1
possibility,1
posted,5
poured,1
practically,1
profit,1
prohibition,1
prominently,2
proper,1
proprietary,1
proved,1
public,9
pulled,1
quarrelling,1
quiver,1
rabbit,22
rapped,1
rather,10
really,2
reason,2
refund,7
remain,1
remark,1
remove,1
replacement,5
return,3
riddle,1
ridges,1
rising,1
roared,1
saucer,1
savage,1
saying,1
scroll,1
search,2
seated,1
second,4
secure,1
seeing,1
seemed,11
seldom,1
shared,1
should,12
shower,2
shriek,1
shrill,1
signed,2
sister,2
sleepy,2
slowly,3
smiled,1
snatch,2
sneeze,1
softly,1
solemn,2
sooner,1
sounds,2
spread,3
states,8
status,4
sticks,1
strict,1
struck,2
sudden,3
summer,1
taking,2
taller,1
teacup,3
things,4
thirty,1
though,1
throne,1
tipped,1
tiptoe,1
trying,3
tucked,3
tunnel,1
turned,7
twelve,1
unenforceability,1
united,10
unless,4
unlink,1
unsolicited,1
velvet,1
voices,2
vulgar,1
waited,3
walked,6
wander,1
wanted,1
waving,2
whilst,1
widest,2
window,2
within,5
wonder,4
zigzag,1
address,1
against,6
already,2
am,4
an,22
animals,4
another,9
archive,13
as,95
at,93
attempt,1
be,55
beating,1
because,3
believe,3
between,1
breathe,1
brought,1
burning,1
by,47
caldron,2
calling,1
carried,1
carroll,3
certain,4
chanced,1
changed,2
changes,1
chimney,2
clearly,1
closely,1
comfits,1
company,3
concept,2
condemn,1
confirmation,1
considerable,2
consultation,1
contact,4
contain,2
conversation,1
convert,1
copying,2
corrupt,1
country,2
crawled,1
created,2
crimson,1
croquet,4
crowded,4
cunning,1
curious,6
current,1
curtain,1
curving,1
custody,1
damaged,1
damages,2
decided,1
depends,1
derived,1
despair,1
despite,1
destroy,2
digging,2
distributing,6
distribution,6
do,36
dropped,4
duchess,10
efforts,2
engaged,1
english,1
exactly,2
expense,1
explain,2
express,1
falling,1
fancied,1
fanning,1
farther,1
favored,1
federal,2
ferrets,1
fifteen,1
finding,2
fitness,1
flashed,1
flowers,2
footman,2
formats,2
fumbled,1
furious,1
further,1
gabriel,2
gallons,1
general,5
getting,6
go,16
granted,1
gregory,1
grinned,1
growing,6
grunted,2
guessed,2
hanging,1
hastily,4
he,23
hearing,2
herself,20
highest,1
history,1
holding,2
howling,3
hunting,1
hurried,5
if,41
imagine,1
immense,1
implied,1
imposed,1
in,222
include,1
instead,1
intellectual,2
invited,1
inwards,1
is,52
it,136
jumping,2
jurymen,2
keeping,3
kitchen,1
labeled,1
largest,1
leading,1
leaning,1
legally,1
library,1
license,11
limited,5
located,4
looking,11
luckily,1
ma,1
machine,1
majesty,1
mallets,1
managed,2
matters,1
maximum,1
me,20
meaning,3
measure,1
meeting,1
methods,1
michael,2
minding,1
minutes,3
mission,4
mistake,1
morning,1
my,18
natural,1
neither,2
network,1
nibbled,2
no,31
nothing,9
noticed,5
nowhere,1
nursing,1
of,313
oh,1
on,67
oneself,1
opening,2
or,109
outside,4
panting,1
particularly,1
passage,2
passion,1
pebbles,2
peeping,1
performances,1
perhaps,1
persons,1
pg,1
picking,1
plainly,1
players,2
prepare,1
pressed,2
prevent,1
printed,3
produce,1
profits,1
project,82
proofreading,2
protect,2
provide,6
pulling,1
purpose,1
quarrel,1
quietly,2
raising,1
reading,2
rearing,1
receipt,2
receive,3
redistribute,1
release,1
removed,1
replace,1
replied,2
require,1
requirements,2
restrictions,2
revenue,1
riddles,1
royalty,3
running,4
scolded,1
section,7
sending,1
settled,3
several,3
sharing,1
shelves,1
shouted,4
shrieks,1
silence,4
sitting,6
slipped,1
smoking,1
sneezed,1
so,35
soldier,1
solicit,2
solicitation,1
somehow,1
special,1
staring,1
started,2
stopped,2
strange,2
subject,2
support,3
suppose,2
survive,1
swallow,1
talking,5
thought,15
thoughtfully,1
through,10
timidly,1
to,318
trouble,3
trumpet,2
turning,6
uniform,1
untwist,1
up,39
updated,1
upright,1
us,4
ut,1
vanilla,2
variety,1
various,2
venture,1
version,1
violent,1
waiting,3
walking,2
wasting,2
watched,1
we,14
whether,4
william,2
without,14
witness,3
writing,3
written,4
accepted,1
actually,1
addition,1
adoption,1
air,1
all,70
and,379
ann,1
any,48
anything,6
anywhere,2
approach,1
are,32
arm,7
ate,1
atheling,1
attached,1
beg,2
bit,6
box,2
bringing,1
brushing,1
business,2
but,38
buttered,1
can,16
carrying,2
cat,6
changing,1
clapping,1
clinging,1
computer,2
confused,1
consider,1
constant,2
contract,1
contributions,2
conversations,1
creating,4
creation,1
creature,2
critical,1
crouched,1
cry,3
cut,1
darkness,1
day,3
did,11
directly,1
director,1
disagree,1
disclaim,1
discover,1
distance,2
dog,1
donation,1
dormouse,4
draggled,1
dripping,1
dry,6
ear,1
eat,6
editions,3
ein,1
employee,1
end,6
engraved,1
ensuring,1
entrance,1
est,1
evidence,3
executed,1
extraordinary,1
eye,1
fan,8
far,4
fee,8
few,4
fighting,1
finished,2
fix,1
flamingo,2
flinging,1
fly,1
followed,5
for,70
frighten,1
frowning,1
fur,2
get,19
got,16
graceful,1
grinning,1
had,64
happened,1
harmless,1
has,5
hatching,1
hedgehog,1
helpless,1
her,94
him,3
his,17
hit,2
hopeless,1
hot,2
how,13
hundreds,1
hurrying,1
included,2
includes,1
indicate,1
inquisitively,1
internal,1
international,1
its,27
jar,1
key,5
knocking,1
lap,1
law,1
lay,2
led,4
let,2
licensed,1
lit,1
literary,13
lot,1
low,7
mad,4
may,18
met,3
modified,1
mushroom,5
new,5
nibbling,2
non,1
nor,2
not,52
notifies,1
now,13
numerous,1
off,14
offended,4
official,3
old,2
one,32
opportunities,1
opposite,1
original,1
our,11
out,45
outdated,1
own,2
painting,2
paw,1
pay,1
payments,3
periodic,1
physical,2
pictures,3
pleasant,1
pleasing,1
pleasure,1
pointing,1
pop,1
possible,1
possibly,2
preserve,1
pressing,1
pretexts,1
previous,1
prisoner,1
produced,3
promised,1
property,2
provided,4
punitive,1
put,9
puzzling,1
question,5
ran,9
rattling,1
reaching,2
readable,2
received,5
relieved,1
remained,2
remedies,1
remember,3
repeated,1
reported,1
required,1
research,1
robinson,1
row,1
rumbling,1
run,1
sad,1
sat,5
saw,4
say,7
sea,1
sections,1
see,19
sentence,5
set,17
severely,1
she,232
shedding,1
shifting,1
shutting,2
skurried,1
smallest,1
sneezing,2
soldiers,3
somebody,1
soothing,1
specific,1
stamping,2
standing,1
startled,1
stirring,1
stopping,1
straight,1
stupidly,1
suddenly,10
surprise,1
swimming,2
tax,6
tea,3
ten,5
the,793
thinking,4
thousand,1
throwing,1
together,1
too,9
top,3
transcription,1
trembled,1
trotting,2
try,3
tumbling,1
two,9
uncorked,1
uneasily,1
unfolded,2
unlocked,1
unrolled,1
use,14
vanished,1
ventured,2
violates,1
wandered,1
warranty,1
was,160
watching,1
way,17
web,6
wet,1
whatever,1
whenever,1
whispers,1
who,18
why,3
wretched,1
yer,2
yet,1
you,141
accepting,1
additions,1
addressed,1
advisable,1
affectionately,2
agreement,9
alas,1
also,2
alternate,1
anxiously,5
appearing,1
arms,4
assembled,2
atom,1
authority,1
available,1
away,12
baby,3
back,13
barrowful,2
beat,1
beautiful,2
beds,1
been,10
beginning,4
beheading,1
bend,1
best,4
bill,1
blew,2
blow,1
blue,1
book,2
both,5
bristling,1
calculate,1
call,1
came,25
card,1
care,3
cats,2
certainly,3
character,1
charities,1
chin,3
come,8
committed,1
commotion,1
complying,3
computers,1
concluded,1
confirmed,1
confusion,2
continued,1
cook,4
cool,2
copy,8
copyright,13
cost,2
countries,1
creatures,2
cupboards,2
dare,1
dark,3
date,2
days,4
dead,2
deal,5
dear,2
deep,1
defective,2
deletions,1
delighted,2
described,1
determine,1
different,2
dish,2
disk,1
dive,1
dodo,4
does,2
dogs,1
donations,14
done,2
door,15
down,44
draw,1
drew,2
drop,1
duck,1
each,4
ears,1
easy,2
edge,2
electronically,1
else,2
employees,2
encourage,1
energetic,1
entangled,2
equipment,1
even,6
ever,4
everybody,1
evidently,1
excellent,1
exclaimed,1
exclusion,1
executive,1
exporting,1
eyes,7
face,6
fact,1
fair,1
fall,4
fast,1
fear,1
feel,2
fees,2
feet,7
fell,5
felt,7
file,2
financial,1
find,12
fine,1
five,1
flamingos,1
flat,1
fluttered,1
following,3
fond,1
foot,6
footsteps,2
forgotten,2
form,1
four,1
free,7
frog,1
from,31
full,17
game,2
gardeners,2
gave,5
generally,2
girl,1
give,7
glad,3
goes,2
gone,4
good,8
grew,1
grow,8
gutenberg,24
half,10
hall,2
hand,9
hard,5
hare,3
harm,1
hart,1
hate,1
have,23
head,8
heap,1
hear,7
held,2
help,4
here,7
hers,2
high,4
hiss,1
hold,2
home,1
hope,4
hour,2
hung,1
hurriedly,2
hurt,2
hypertext,1
idea,6
identification,1
immediate,3
important,4
including,8
indemnify,1
indemnity,1
instantly,2
into,39
irma,2
jury,2
just,24
keep,3
kept,6
kick,1
kill,1
king,10
knew,2
know,13
lake,1
last,14
late,3
laws,7
leap,1
left,6
legs,2
less,1
lest,1
liability,1
lieu,2
like,32
live,2
locations,1
long,12
look,4
lory,1
lost,1
loud,1
love,1
loveliest,1
made,11
main,1
make,11
many,5
maps,1
mary,3
mean,4
meet,3
mentioned,1
mile,2
milk,1
mind,4
miserable,1
miss,1
more,15
most,5
move,1
much,12
must,20
muttering,2
name,7
near,11
neat,1
neck,4
next,12
nice,2
nine,3
nonproprietary,1
obtaining,2
once,8
ones,1
only,14
open,4
organized,1
over,11
owed,1
owns,2
pack,4
page,2
paid,6
pair,4
pale,1
paperwork,1
paragraph,11
parchment,1
part,4
past,1
patriotic,1
pattering,3
permanent,1
permitted,2
pink,1
play,6
pool,6
poor,10
possessed,1
presently,1
principal,1
producing,1
professor,1
promoting,2
promotion,1
proofread,1
prosecute,1
providing,4
provision,1
race,2
rats,1
read,7
real,1
receiving,1
redistributing,2
redistribution,1
remaining,1
ring,1
rise,1
roof,2
room,3
rose,1
royalties,1
rush,1
safe,1
said,130
salt,1
same,11
save,2
says,1
scattered,1
seem,3
seen,2
send,1
sensation,1
sent,1
shoulders,1
show,2
shrinking,4
shut,3
side,8
site,4
size,6
slightest,1
some,19
something,8
sometimes,3
sons,2
soon,14
sorrowful,1
sort,4
soup,1
specified,2
splashing,1
squeaking,1
stockings,1
stop,1
stretched,2
stupidest,1
submitted,1
subscribe,1
succeeded,2
such,17
sure,4
surprised,4
swallowed,1
swam,3
swim,1
take,10
tale,2
talk,4
team,2
telescope,1
tell,9
than,9
that,93
them,13
then,26
they,39
this,82
tidy,1
tied,1
till,6
time,14
tiny,3
told,1
tone,1
took,13
trademark,4
treatment,1
tree,3
trembling,4
trot,1
turn,1
upon,17
upsetting,1
used,3
user,2
very,39
violently,2
void,1
volunteer,1
want,3
ways,1
well,14
went,21
wept,1
were,30
what,22
when,37
whom,1
wide,2
will,14
wind,1
wink,1
wish,9
with,113
wonderful,1
wondering,1
wood,1
word,1
wore,1
work,38
wriggling,1
yesterday,1
york,2
your,29
