accepted,1
accordance,2
accustomed,1
added,6
against,6
all,70
allow,1
already,2
another,9
any,48
anywhere,2
appear,1
appearance,1
appearing,1
archbishop,2
archive,13
array,1
at,93
atheling,1
atom,1
beautiful,2
because,3
behind,2
bough,1
breach,2
calculated,1
caldron,2
called,10
canary,1
cannot,5
carrying,2
cease,1
changed,2
changes,1
charge,6
chimney,2
chin,3
claim,1
committed,1
commotion,1
company,3
compliance,4
confirmation,1
confirmed,1
confused,1
consider,1
convert,1
cook,4
copied,2
copies,7
copy,8
countries,1
creatures,2
crowd,3
crowded,4
crown,2
cunning,1
curls,1
custody,1
dark,3
darkness,1
day,3
days,4
dead,2
deductible,1
depends,1
derived,1
despair,1
determine,1
digging,2
disagree,1
distributing,6
donations,14
drunk,1
duck,1
ebook,9
ebooks,3
electronic,27
energetic,1
entrance,1
everything,3
evidence,3
excellent,1
executed,1
exporting,1
extraordinary,1
eye,1
eyes,7
fair,1
fancied,1
far,4
fighting,1
fine,1
fitness,1
flamingos,1
flat,1
followed,5
following,3
fond,1
formats,2
free,7
frighten,1
front,2
fur,2
general,5
getting,6
glad,3
glass,5
golden,6
gross,1
growing,6
hate,1
hatter,6
height,3
held,2
herself,20
him,3
hold,2
holder,1
hope,4
hopeless,1
house,6
howling,3
hunting,1
hurried,5
hurriedly,2
idea,6
imagine,1
immense,1
impatiently,2
implied,1
important,4
impossible,1
include,1
indirectly,1
instantly,2
international,1
interpreted,1
invited,1
inwards,1
joined,1
jury,2
kick,1
kill,1
kills,1
knave,5
lake,1
large,21
leap,1
legally,1
lewis,3
limitation,3
longed,1
looked,18
love,1
low,7
magic,1
maps,1
march,8
marked,7
matter,1
maximum,1
meant,2
mentioned,1
methods,1
middle,1
mile,2
miles,1
minute,4
mississippi,1
morsel,1
mouse,16
neither,2
newsletter,1
night,1
of,313
opportunities,1
original,1
originator,1
page,2
pages,1
pair,4
pairs,1
pale,1
pattering,3
paw,1
paying,2
payments,3
periodic,1
permanent,1
person,5
phrase,4
picking,1
piece,4
pieces,1
plainly,1
play,6
plenty,1
poor,10
prepare,1
processing,1
produced,3
prominently,2
proofread,1
provide,6
quiver,1
rabbit,22
rattling,1
ready,1
reason,2
received,5
recognized,1
references,2
registered,2
release,1
remembered,2
replace,1
reported,1
representations,1
revenue,1
riddle,1
ridges,1
roast,1
roof,2
sat,5
saucer,1
say,7
says,1
scattered,1
scrambling,1
sea,1
section,7
sensation,1
settled,3
shelves,1
shook,3
shutting,2
sight,1
size,6
sizes,1
sleepy,2
slightest,1
smiled,1
smoke,1
softly,1
sound,2
sounds,2
special,1
specific,1
squeaking,1
stalk,1
stand,1
start,2
stockings,1
stood,5
stopped,2
stopping,1
stretched,2
struck,2
stupidest,1
stupidly,1
subject,2
sudden,3
sulky,1
support,3
surprised,4
swallow,1
swim,1
taking,2
talk,4
tarts,3
tax,6
team,2
tears,3
tell,9
that,93
thing,12
things,4
tone,1
too,9
turned,7
twelve,1
underneath,1
understand,2
unpleasant,1
use,14
used,3
ut,1
vanilla,2
violates,1
waited,3
wanted,1
warranties,3
web,6
wept,1
whole,6
whom,1
wish,9
without,14
wondering,1
wretched,1
yet,1
york,2
your,29
